result,answer
True,False
True,True
True,False
True,True
正しいかどうかを判断するためには、回答が与えられる必要があります。回答が与えられていないため、正しいかどうかは判断できません。,False
True,False
True,True
True,True
True,True
True,True
False,False
True,False
False,False
True,True
False,True
True,False
False,False
"与えられた文章は不完全ですが、譲渡制限株式に関する記述として正しいものです。したがって、""True""を出力します。",False
"与えられた文章は、譲渡制限株式に関する記述の一部を示しています。この記述は正確であり、譲渡制限株式を譲り渡そうとする株主が譲渡承認の請求をした場合について述べています。したがって、与えられた文章は正しいので、答えは""True""です。",True
True,True
True,True
True,True
True,False
False,False
True,False
True,True
True,True
False,False
True,True
True,False
True,False
True,True
False,True
False,False
True,True
True,False
False,True
True,True
True,False
True,False
False,True
True,False
False,True
True,False
False,False
True,True
True,False
True,True
False,False
False,True
True,True
True,False
False,False
False,False
True,True
True,True
True,False
False,True
True,False
False,True
True,True
True,True
False,False
False,False
False,True
False,True
True,False
True,False
True,True
"与えられた文章は正しいです。""True""を出力します。",True
True,False
True,False
True,True
True,False
True,True
True,False
True,False
True,True
True,True
True,False
